{"joint_3": 0.0012359182909029186, "joint_4": 0.004917083030850335, "joint_5": 0.01709443039202597, "joint_6": 0.04482166467544933, "module_7": 0.0005491145503973323, "module_8": 0.00044334667827792054, "module_9": 0.0008076830643976916, "module_10": 0.002100564047697069, "module_11": 0.005502149316577499, "module_12": 0.011350644804244893}