{"joint_1": 0.5550837734876589, "joint_2": 0.8983664264788004, "joint_3": 0.9576024467947207, "joint_4": 0.9567627502806686, "joint_5": 0.913690932692635, "joint_6": 0.7410315486500693, "module_6": 0.0, "module_7": 0.6049320671059064, "module_8": 0.7264675856880738, "module_9": 0.8593237392147107, "module_10": 0.8972769381205732, "module_11": 0.9037535126981627, "module_12": 0.8989912135716166}