{"joint_1": 0.763332057419411, "joint_2": 0.9470726869154378, "joint_3": 0.975666773579877, "joint_4": 0.9719548169332367, "joint_5": 0.941809987288621, "joint_6": 0.8509462173118373, "module_6": 0.4999508647798742, "module_7": 0.800869562696845, "module_8": 0.8422733327619644, "module_9": 0.9198206017023902, "module_10": 0.9414842965989899, "module_11": 0.9445298729561203, "module_12": 0.9387097559656463}