{"joint_1": 0.6661290139236887, "joint_2": 0.9039089907842816, "joint_3": 0.9543282609633459, "joint_4": 0.9442983906546656, "joint_5": 0.8743482000957177, "joint_6": 0.7261890941141179, "module_6": 0.0, "module_7": 0.755190530521657, "module_8": 0.7968607914405986, "module_9": 0.872729818524109, "module_10": 0.9062814261126617, "module_11": 0.9015679000899484, "module_12": 0.8893258033349982}