{"joint_1": 0.008861193682765589, "joint_2": 0.01823370842449367, "joint_3": 0.023426109972642734, "joint_4": 0.03949637933218902, "joint_5": 0.08329315135302022, "joint_6": 0.1275762987136841, "module_6": 0.014593604020774364, "module_7": 0.02317474829033017, "module_8": 0.013154314230113024, "module_9": 0.014630934196866863, "module_10": 0.02290361248565551, "module_11": 0.037046283312328884, "module_12": 0.05698130952919764}