{"joint_1": 0.9958754043721183, "joint_2": 0.9923767277717878, "joint_3": 0.9898299676502235, "joint_4": 0.9825627058290385, "joint_5": 0.9607596314086867, "joint_6": 0.9333225500767909, "module_6": 0.997451230271542, "module_7": 0.9890010783256544, "module_8": 0.9941217247608779, "module_9": 0.9935090030697131, "module_10": 0.9897048714092332, "module_11": 0.9829854549347049, "module_12": 0.9737378535089997}