{"759ad048-ed7d-492f-a9ff-657e0e197237": {"assembly": ["base", "l_20", "i_30", "i_30", "i_20", "i_20", "l_30", "i_20", "l_20", "l_30", "J1", "eef"], "precision": NaN, "recall": 0.0, "accuracy": 0.9993137927654152, "confusion_matrix": [10194, 0, 7, 0]}, 
"ec8ae321-9819-4d29-aa92-05605a4524e6": {"assembly": ["base", "l_20", "l_20", "i_30", "l_20", "l_30", "l_30", "l_30", "l_20", "l_30", "J1", "eef"], "precision": NaN, "recall": 0.0, "accuracy": 0.9993137927654152, "confusion_matrix": [10194, 0, 7, 0]}, 
"d496864f-ded3-4139-8270-38dc247052d2": {"assembly": ["base", "i_20", "l_20", "l_30", "i_30", "i_30", "i_30", "J1", "eef"], "precision": NaN, "recall": 0.0, "accuracy": 0.9993137927654152, "confusion_matrix": [10194, 0, 7, 0]}, 
"5be59ccd-03a4-42ad-bfbc-6ff56d29c996": {"assembly": ["base", "i_30", "l_20", "i_20", "i_30", "i_20", "i_30", "J1", "eef"], "precision": NaN, "recall": 0.0, "accuracy": 0.9993137927654152, "confusion_matrix": [10194, 0, 7, 0]}, 
"1bc05f6f-73c3-4f4b-b466-86c0641a2c31": {"assembly": ["base", "l_30", "i_20", "l_30", "l_30", "l_30", "l_20", "J1", "eef"], "precision": NaN, "recall": 0.0, "accuracy": 0.9993137927654152, "confusion_matrix": [10194, 0, 7, 0]}, 
"abd7b405-1c89-4404-b086-1224e4d79067": {"assembly": ["base", "l_20", "l_20", "l_30", "l_30", "l_30", "i_20", "i_30", "l_20", "i_20", "J1", "eef"], "precision": NaN, "recall": 0.0, "accuracy": 0.9993137927654152, "confusion_matrix": [10194, 0, 7, 0]}, 
"f81af9de-aeb4-405a-b146-f898cc9bad9f": {"assembly": ["base", "l_20", "l_20", "l_30", "l_20", "l_20", "i_20", "i_20", "l_20", "J1", "eef"], "precision": NaN, "recall": 0.0, "accuracy": 0.9993137927654152, "confusion_matrix": [10194, 0, 7, 0]}, 
"39289a05-fdae-48bf-b326-5395eab45d63": {"assembly": ["base", "i_30", "l_30", "l_20", "l_20", "i_30", "l_20", "i_20", "i_20", "J1", "eef"], "precision": NaN, "recall": 0.0, "accuracy": 0.9993137927654152, "confusion_matrix": [10194, 0, 7, 0]}, 
"f6d67d54-33af-4c12-a37a-569c8597c644": {"assembly": ["base", "l_30", "l_30", "i_30", "i_30", "l_20", "l_20", "l_20", "i_20", "i_30", "J1", "eef"], "precision": NaN, "recall": 0.0, "accuracy": 0.9996078815802373, "confusion_matrix": [10197, 0, 4, 0]}, 
"28ba3aa6-123e-44f1-898b-35aa03ef18bb": {"assembly": ["base", "l_30", "i_20", "i_30", "i_20", "i_30", "i_20", "l_20", "J1", "eef"], "precision": NaN, "recall": 0.0, "accuracy": 0.9993137927654152, "confusion_matrix": [10194, 0, 7, 0]}, 
"bcb8805d-2cc0-4895-8b00-bdb82e3c1c06": {"assembly": ["base", "i_30", "i_20", "l_30", "i_30", "l_30", "i_20", "l_20", "l_20", "l_30", "J1", "eef"], "precision": NaN, "recall": 0.0, "accuracy": 0.9993137927654152, "confusion_matrix": [10194, 0, 7, 0]}, 
"e60e9a54-e611-431f-a28c-0646a771fcad": {"assembly": ["base", "i_20", "i_20", "i_30", "l_20", "l_20", "i_30", "l_30", "i_30", "l_30", "J1", "eef"], "precision": NaN, "recall": 0.0, "accuracy": 0.9993137927654152, "confusion_matrix": [10194, 0, 7, 0]}, 
"fe8778e6-a776-4ebb-96c7-3b47085bd348": {"assembly": ["base", "l_20", "i_20", "l_30", "l_20", "l_20", "i_30", "i_20", "J1", "eef"], "precision": NaN, "recall": 0.0, "accuracy": 0.9993137927654152, "confusion_matrix": [10194, 0, 7, 0]}, 
"43e043bf-e633-4fd4-b436-c4d363ee3e16": {"assembly": ["base", "l_30", "i_20", "i_30", "i_20", "l_20", "i_20", "i_30", "J1", "eef"], "precision": NaN, "recall": 0.0, "accuracy": 0.9993137927654152, "confusion_matrix": [10194, 0, 7, 0]}, 
"f5b5ce66-298c-4e11-8050-a810c024d2e1": {"assembly": ["base", "i_30", "l_30", "l_20", "l_30", "i_30", "l_20", "l_20", "i_30", "i_30", "J1", "eef"], "precision": NaN, "recall": 0.0, "accuracy": 0.9993137927654152, "confusion_matrix": [10194, 0, 7, 0]}, 
"9fd906ae-e3e3-4373-b85e-fa46bae30876": {"assembly": ["base", "i_20", "i_20", "i_20", "i_30", "i_20", "l_20", "i_20", "i_30", "l_20", "J1", "eef"], "precision": NaN, "recall": 0.0, "accuracy": 0.9993137927654152, "confusion_matrix": [10194, 0, 7, 0]}, 
"c165c8a9-8f96-469b-be0f-5412b0117057": {"assembly": ["base", "i_30", "i_30", "l_30", "l_30", "i_20", "l_20", "i_20", "i_30", "J1", "eef"], "precision": NaN, "recall": 0.0, "accuracy": 0.9995098519752965, "confusion_matrix": [10196, 0, 5, 0]}, 
"2464218d-b358-48b5-8f63-8b9dcd9d339d": {"assembly": ["base", "i_30", "i_30", "i_30", "i_20", "l_30", "i_20", "i_20", "l_30", "l_20", "J1", "eef"], "precision": NaN, "recall": 0.0, "accuracy": 0.9993137927654152, "confusion_matrix": [10194, 0, 7, 0]}, 
"820c6092-092f-481a-9861-889fd41693d8": {"assembly": ["base", "i_20", "l_30", "l_20", "l_20", "l_30", "i_30", "l_20", "J1", "eef"], "precision": NaN, "recall": 0.0, "accuracy": 0.9993137927654152, "confusion_matrix": [10194, 0, 7, 0]}, 
"007d9597-853a-425b-98bc-8af13717a776": {"assembly": ["base", "l_30", "l_30", "l_20", "i_20", "i_20", "i_30", "i_30", "l_30", "i_30", "J1", "eef"], "precision": NaN, "recall": 0.0, "accuracy": 0.9993137927654152, "confusion_matrix": [10194, 0, 7, 0]}, 
"50079280-a5d3-4045-8302-2708b9893842": {"assembly": ["base", "i_20", "i_20", "i_20", "i_30", "i_30", "l_20", "i_30", "J1", "eef"], "precision": NaN, "recall": 0.0, "accuracy": 0.9995098519752965, "confusion_matrix": [10196, 0, 5, 0]}, 
"9d497792-143d-4694-82e7-9bb9ad94a901": {"assembly": ["base", "l_30", "i_20", "J1", "i_20", "i_30", "i_20", "eef"], "precision": NaN, "recall": 0.0, "accuracy": 0.9944123125183806, "confusion_matrix": [10144, 0, 57, 0]}, 
"22aae261-0a8f-4aa9-9536-173e9313c122": {"assembly": ["base", "l_20", "l_20", "l_20", "l_30", "l_20", "i_30", "J1", "eef"], "precision": NaN, "recall": 0.0, "accuracy": 0.9996078815802373, "confusion_matrix": [10197, 0, 4, 0]}, 
"6e3be94e-d91f-4d79-8906-17846c2378ba": {"assembly": ["base", "i_30", "i_30", "i_30", "l_20", "l_30", "i_20", "l_30", "l_20", "J1", "eef"], "precision": NaN, "recall": 0.0, "accuracy": 0.9993137927654152, "confusion_matrix": [10194, 0, 7, 0]}, 
"34d1a18a-905b-4f38-927e-5479350858c9": {"assembly": ["base", "l_20", "l_30", "i_20", "l_30", "l_20", "l_20", "i_20", "l_20", "l_20", "J1", "eef"], "precision": NaN, "recall": 0.0, "accuracy": 0.9995098519752965, "confusion_matrix": [10196, 0, 5, 0]}, 
"ee159a53-417e-4063-b9ee-8d9fdfbe36bb": {"assembly": ["base", "i_20", "i_20", "i_30", "i_20", "l_30", "l_30", "l_30", "J1", "eef"], "precision": NaN, "recall": 0.0, "accuracy": 0.9994118223703559, "confusion_matrix": [10195, 0, 6, 0]}, 
"547563a9-6ba0-481e-bdfb-333ee789c82d": {"assembly": ["base", "l_20", "i_20", "l_20", "i_20", "l_20", "l_30", "J1", "eef"], "precision": NaN, "recall": 0.0, "accuracy": 0.9993137927654152, "confusion_matrix": [10194, 0, 7, 0]}, 
"ed5789ca-d6b7-4bda-b16a-beab6cbb4f16": {"assembly": ["base", "i_30", "l_20", "i_20", "i_30", "i_20", "i_30", "i_30", "J1", "eef"], "precision": NaN, "recall": 0.0, "accuracy": 0.9993137927654152, "confusion_matrix": [10194, 0, 7, 0]}, 
"f9668a46-ddc8-4951-9ac7-e6a3ae586d3a": {"assembly": ["base", "l_30", "i_30", "i_30", "i_30", "i_30", "i_30", "l_30", "J1", "eef"], "precision": NaN, "recall": 0.0, "accuracy": 0.9993137927654152, "confusion_matrix": [10194, 0, 7, 0]}, 
"1e17a76b-bb21-4702-8641-3925d4d19582": {"assembly": ["base", "i_30", "i_30", "l_20", "i_20", "i_20", "l_20", "l_20", "J1", "eef"], "precision": NaN, "recall": 0.0, "accuracy": 0.9993137927654152, "confusion_matrix": [10194, 0, 7, 0]}, 
"d9b106fa-78cc-4510-86c0-ab85ccea9f78": {"assembly": ["base", "l_30", "l_30", "i_30", "i_20", "i_30", "l_20", "i_20", "i_30", "J1", "eef"], "precision": NaN, "recall": 0.0, "accuracy": 0.9995098519752965, "confusion_matrix": [10196, 0, 5, 0]}, 
"966a2ac4-f22a-46ae-85d2-f92b9f7a92a7": {"assembly": ["base", "i_30", "i_20", "i_20", "l_30", "l_30", "l_30", "J1", "eef"], "precision": NaN, "recall": 0.0, "accuracy": 0.9993137927654152, "confusion_matrix": [10194, 0, 7, 0]}, 
"ec100e55-e5b7-4107-967b-5c5fc6efc7de": {"assembly": ["base", "i_20", "i_30", "l_20", "l_30", "i_20", "i_20", "l_20", "l_20", "J1", "eef"], "precision": NaN, "recall": 0.0, "accuracy": 0.9993137927654152, "confusion_matrix": [10194, 0, 7, 0]},