{"joint_1": 0.49319580221071946, "joint_2": 0.8865827606719049, "joint_3": 0.949752975034582, "joint_4": 0.9502798216427214, "joint_5": 0.9025131968255274, "joint_6": 0.6799777533823037}