{"joint_1": 0.6239532409922031, "joint_2": 0.903138125957392, "joint_3": 0.9528622592109478, "joint_4": 0.9376560791303608, "joint_5": 0.8644833232496372, "joint_6": 0.709410917418885}