{"module_7": 0.6535974341121699, "module_8": 0.83212175813606, "module_9": 0.8601667256817607, "module_10": 0.9005519000524727, "module_11": 0.8871459516895287, "module_12": 0.8865827606719049}