{"module_7": 0.7761612104070129, "module_8": 0.8320448333910394, "module_9": 0.8834888501286698, "module_10": 0.9213412319290739, "module_11": 0.9183209504747031, "module_12": 0.903138125957392}