{"joint_1": 0.5180720704851169, "joint_2": 0.8862927670761804, "joint_3": 0.9539078351374146, "joint_4": 0.9554076911244848, "joint_5": 0.9122140945964017, "joint_6": 0.7261116716836906, "module_6": 0.04, "module_7": 0.6331462072343939, "module_8": 0.6738244960357068, "module_9": 0.8383430875818061, "module_10": 0.8861393466224627, "module_11": 0.8968757698726968, "module_12": 0.8944669321338167}