{"joint_1": 0.009130960345122731, "joint_2": 0.018400251601357012, "joint_3": 0.024067281709285453, "joint_4": 0.039742218172806945, "joint_5": 0.08304474298143759, "joint_6": 0.12660653118044138, "module_6": 0.011095670983195305, "module_7": 0.024310192186385395, "module_8": 0.014252364408873421, "module_9": 0.015722807139921347, "module_10": 0.02337871148360549, "module_11": 0.03727701361288696, "module_12": 0.05692690470009299}