{"joint_1": 0.672605668088712, "joint_2": 0.9088330235925529, "joint_3": 0.9560504158365426, "joint_4": 0.9443750158689012, "joint_5": 0.875584604081312, "joint_6": 0.7364853388940985, "module_6": 0.05, "module_7": 0.7554535401618974, "module_8": 0.7724396844335607, "module_9": 0.871992483766925, "module_10": 0.9053331555954481, "module_11": 0.9043777225969849, "module_12": 0.8917598430820877}