{"joint_1": 0.7501714816261692, "joint_2": 0.941226946870856, "joint_3": 0.9738447327248141, "joint_4": 0.9712739837312563, "joint_5": 0.9412490576191317, "joint_6": 0.8448926184113076, "module_6": 0.5190664308176101, "module_7": 0.8146797911873099, "module_8": 0.8353752675380886, "module_9": 0.9138761015867795, "module_10": 0.9366562859967813, "module_11": 0.9414085778301322, "module_12": 0.9371934586343018}