{"joint_1": 0.9957339476521888, "joint_2": 0.9924424076070993, "joint_3": 0.9896053818253037, "joint_4": 0.9824159263665064, "joint_5": 0.9608715812175286, "joint_6": 0.9339306603927724, "module_6": 0.9957847269875503, "module_7": 0.9892559552985002, "module_8": 0.9935703082330865, "module_9": 0.9930414377812268, "module_10": 0.989464987859651, "module_11": 0.9828920513135253, "module_12": 0.973799666681828}