{"ec5f0054-2cbb-4e3a-a3c1-c53761571ce7": {"assembly": ["base", "l_20", "i_20", "l_20", "l_20", "i_20", "i_30", "i_20", "i_30", "J1", "eef"], "precision": NaN, "recall": 0.0, "accuracy": 0.9995098519752965, "confusion_matrix": [10196, 0, 5, 0]}, "93abf03e-cdbe-4edf-b204-589af3fae0b1": {"assembly": ["base", "l_20", "l_30", "l_30", "i_30", "l_30", "l_30", "i_30", "J1", "eef"], "precision": NaN, "recall": 0.0, "accuracy": 0.9993137927654152, "confusion_matrix": [10194, 0, 7, 0]}, "1e1d3acf-aa66-44ab-9ea4-27353cb672bb": {"assembly": ["base", "l_20", "l_20", "l_20", "i_30", "i_20", "l_20", "i_20", "l_20", "J1", "eef"], "precision": NaN, "recall": 0.0, "accuracy": 0.9993137927654152, "confusion_matrix": [10194, 0, 7, 0]}, "e60e9a54-e611-431f-a28c-0646a771fcad": {"assembly": ["base", "i_20", "i_20", "i_30", "l_20", "l_20", "i_30", "l_30", "i_30", "l_30", "J1", "eef"], "precision": NaN, "recall": 0.0, "accuracy": 0.9993137927654152, "confusion_matrix": [10194, 0, 7, 0]}, "9fd906ae-e3e3-4373-b85e-fa46bae30876": {"assembly": ["base", "i_20", "i_20", "i_20", "i_30", "i_20", "l_20", "i_20", "i_30", "l_20", "J1", "eef"], "precision": NaN, "recall": 0.0, "accuracy": 0.9993137927654152, "confusion_matrix": [10194, 0, 7, 0]}, "c61753f7-916b-4618-90de-c7d15aa45a91": {"assembly": ["base", "l_30", "l_20", "l_20", "l_20", "l_20", "i_30", "l_20", "i_20", "J1", "eef"], "precision": NaN, "recall": 0.0, "accuracy": 0.9993137927654152, "confusion_matrix": [10194, 0, 7, 0]}, "2464218d-b358-48b5-8f63-8b9dcd9d339d": {"assembly": ["base", "i_30", "i_30", "i_30", "i_20", "l_30", "i_20", "i_20", "l_30", "l_20", "J1", "eef"], "precision": NaN, "recall": 0.0, "accuracy": 0.9993137927654152, "confusion_matrix": [10194, 0, 7, 0]}, "b81807ea-e89b-48e1-b97e-ca9692b5c7e0": {"assembly": ["base", "l_20", "l_30", "i_20", "i_30", "i_30", "i_30", "l_30", "i_20", "J1", "eef"], "precision": NaN, "recall": 0.0, "accuracy": 0.9995098519752965, "confusion_matrix": [10196, 0, 5, 0]}, "007d9597-853a-425b-98bc-8af13717a776": {"assembly": ["base", "l_30", "l_30", "l_20", "i_20", "i_20", "i_30", "i_30", "l_30", "i_30", "J1", "eef"], "precision": NaN, "recall": 0.0, "accuracy": 0.9993137927654152, "confusion_matrix": [10194, 0, 7, 0]}, "50079280-a5d3-4045-8302-2708b9893842": {"assembly": ["base", "i_20", "i_20", "i_20", "i_30", "i_30", "l_20", "i_30", "J1", "eef"], "precision": NaN, "recall": 0.0, "accuracy": 0.9995098519752965, "confusion_matrix": [10196, 0, 5, 0]}, "22aae261-0a8f-4aa9-9536-173e9313c122": {"assembly": ["base", "l_20", "l_20", "l_20", "l_30", "l_20", "i_30", "J1", "eef"], "precision": NaN, "recall": 0.0, "accuracy": 0.9996078815802373, "confusion_matrix": [10197, 0, 4, 0]}, "c223b6d2-8435-4c73-8cd3-05704a27e4d2": {"assembly": ["base", "l_30", "i_30", "l_20", "i_20", "i_20", "i_20", "l_30", "J1", "eef"], "precision": NaN, "recall": 0.0, "accuracy": 0.9993137927654152, "confusion_matrix": [10194, 0, 7, 0]}, "ee159a53-417e-4063-b9ee-8d9fdfbe36bb": {"assembly": ["base", "i_20", "i_20", "i_30", "i_20", "l_30", "l_30", "l_30", "J1", "eef"], "precision": NaN, "recall": 0.0, "accuracy": 0.9994118223703559, "confusion_matrix": [10195, 0, 6, 0]}, "ed5789ca-d6b7-4bda-b16a-beab6cbb4f16": {"assembly": ["base", "i_30", "l_20", "i_20", "i_30", "i_20", "i_30", "i_30", "J1", "eef"], "precision": NaN, "recall": 0.0, "accuracy": 0.9993137927654152, "confusion_matrix": [10194, 0, 7, 0]}, "23e114e4-4f6a-44fb-b3d5-0853b65f433d": {"assembly": ["base", "i_20", "i_30", "i_30", "l_30", "i_30", "i_30", "l_20", "J1", "eef"], "precision": NaN, "recall": 0.0, "accuracy": 0.9993137927654152, "confusion_matrix": [10194, 0, 7, 0]}, "f2922da0-42e9-437a-903f-6649c943492b": {"assembly": ["base", "l_30", "i_30", "i_30", "i_30", "i_20", "l_30", "l_20", "l_30", "l_30", "J1", "eef"], "precision": NaN, "recall": 0.0, "accuracy": 0.9993137927654152, "confusion_matrix": [10194, 0, 7, 0]}, "f9668a46-ddc8-4951-9ac7-e6a3ae586d3a": {"assembly": ["base", "l_30", "i_30", "i_30", "i_30", "i_30", "i_30", "l_30", "J1", "eef"], "precision": NaN, "recall": 0.0, "accuracy": 0.9993137927654152, "confusion_matrix": [10194, 0, 7, 0]}, "1e17a76b-bb21-4702-8641-3925d4d19582": {"assembly": ["base", "i_30", "i_30", "l_20", "i_20", "i_20", "l_20", "l_20", "J1", "eef"], "precision": NaN, "recall": 0.0, "accuracy": 0.9993137927654152, "confusion_matrix": [10194, 0, 7, 0]}, "d3b0a614-2997-4bc0-9590-bb98e47a21e2": {"assembly": ["base", "i_30", "i_30", "i_20", "l_30", "l_20", "l_30", "i_30", "l_20", "l_30", "J1", "eef"], "precision": NaN, "recall": 0.0, "accuracy": 0.9995098519752965, "confusion_matrix": [10196, 0, 5, 0]}, "aad1605b-6053-4f6c-b190-85b79e2e0393": {"assembly": ["base", "l_30", "l_30", "l_30", "l_20", "l_30", "i_20", "l_20", "l_30", "J1", "eef"], "precision": NaN, "recall": 0.0, "accuracy": 0.9996078815802373, "confusion_matrix": [10197, 0, 4, 0]}, "0d9e1c83-e720-4668-971f-cbd3d7338b67": {"assembly": ["base", "i_30", "l_20", "l_30", "i_30", "i_30", "i_30", "l_30", "l_20", "J1", "eef"], "precision": NaN, "recall": 0.0, "accuracy": 0.9993137927654152, "confusion_matrix": [10194, 0, 7, 0]}, "2f0147a6-14f7-4305-90c5-aa370f4b3a86": {"assembly": ["base", "l_20", "i_20", "i_20", "l_20", "l_20", "l_20", "l_20", "J1", "eef"], "precision": NaN, "recall": 0.0, "accuracy": 0.9993137927654152, "confusion_matrix": [10194, 0, 7, 0]}, "cace7291-9dbf-4518-b975-59d7c7cfe7fe": {"assembly": ["base", "i_30", "l_20", "i_20", "i_30", "l_30", "l_30", "J1", "eef"], "precision": NaN, "recall": 0.0, "accuracy": 0.9996078815802373, "confusion_matrix": [10197, 0, 4, 0]}, "66084768-61a5-40e5-8009-e96ac6d8f46e": {"assembly": ["base", "i_30", "i_20", "l_20", "l_20", "i_30", "J1", "l_20", "eef"], "precision": NaN, "recall": 0.0, "accuracy": 0.9979413782962455, "confusion_matrix": [10180, 0, 21, 0]}, "46fdccf5-8a68-4b99-b527-3c7c0eacfc38": {"assembly": ["base", "l_20", "i_30", "l_30", "i_20", "l_30", "i_20", "l_30", "J1", "eef"], "precision": NaN, "recall": 0.0, "accuracy": 0.9993137927654152, "confusion_matrix": [10194, 0, 7, 0]}, "263fc95b-978f-441a-b923-4989f976e3ad": {"assembly": ["base", "i_30", "i_20", "i_20", "i_20", "i_30", "i_20", "i_30", "l_20", "J1", "eef"], "precision": NaN, "recall": 0.0, "accuracy": 0.9995098519752965, "confusion_matrix": [10196, 0, 5, 0]}, "27691bc9-4649-451b-9745-08c75e1e3ae8": {"assembly": ["base", "i_30", "i_20", "i_20", "i_30", "l_30", "l_30", "l_30", "J1", "eef"], "precision": NaN, "recall": 0.0, "accuracy": 0.9993137927654152, "confusion_matrix": [10194, 0, 7, 0]}, "f8408469-10ac-4937-af88-f402dc25be79": {"assembly": ["base", "l_20", "l_30", "l_30", "i_20", "l_20", "l_20", "i_20", "l_20", "J1", "eef"], "precision": NaN, "recall": 0.0, "accuracy": 0.9993137927654152, "confusion_matrix": [10194, 0, 7, 0]}, "1a09c73a-1889-4111-8991-88a7ad87f0e9": {"assembly": ["base", "l_30", "i_20", "l_20", "i_30", "i_20", "l_20", "i_30", "l_20", "l_20", "J1", "eef"], "precision": NaN, "recall": 0.0, "accuracy": 0.9995098519752965, "confusion_matrix": [10196, 0, 5, 0]}, "4ab7adba-9d8c-4469-a9d6-b39e011a7b98": {"assembly": ["base", "i_30", "i_30", "i_20", "l_20", "i_20", "i_20", "l_30", "l_30", "J1", "eef"], "precision": NaN, "recall": 0.0, "accuracy": 0.9993137927654152, "confusion_matrix": [10194, 0, 7, 0]}, "2196e6f4-0bb4-4bcb-9c1e-12aaa5862266": {"assembly": ["base", "l_30", "i_20", "l_30", "i_20", "l_20", "i_20", "l_20", "J1", "eef"], "precision": NaN, "recall": 0.0, "accuracy": 0.9993137927654152, "confusion_matrix": [10194, 0, 7, 0]}}